id,location
00016_000,695 724
00016_001,667 693
00016_002,202 217
00016_003,69 91
00016_004,222 258
00016_005,
00016_006,320 329;403 413;651 661
00016_007,
00016_008,
00016_009,25 38;96 128
00016_010,55 69
00016_011,4 9
00016_012,9 11
00100_000,734 741
00100_001,713 733
00100_002,309 324
00100_003,246 256;343 355
00100_004,291 308
00100_005,
00100_006,594 603
00100_007,
00100_008,
00100_009,80 106;355 367;371 391
00100_010,106 121;266 277
00100_011,45 57
00100_012,57 62
00234_000,451 476
00234_001,424 450
00234_002,
00234_003,60 73
00234_004,262 270
00234_005,
00234_006,390 404
00234_007,
00234_008,
00234_009,20 35
00234_010,35 52;81 96
00234_011,0 5
00234_012,5 7
00344_000,620 637
00344_001,586 602;609 616
00344_002,361 381
00344_003,176 195
00344_004,
00344_005,
00344_006,812 821
00344_007,397 417
00344_008,
00344_009,95 115;120 133
00344_010,160 176
00344_011,15 20
00344_012,20 25
00489_000,665 691
00489_001,635 664
00489_002,383 398
00489_003,119 132
00489_004,359 374
00489_005,
00489_006,570 579
00489_007,375 379
00489_008,
00489_009,132 147
00489_010,153 178;201 213
00489_011,87 93
00489_012,93 95
00583_000,875 890
00583_001,846 874
00583_002,316 344
00583_003,106 121;146 156
00583_004,
00583_005,519 526;565 578
00583_006,501 510;689 698
00583_007,418 422
00583_008,
00583_009,42 96
00583_010,20 37
00583_011,0 4
00583_012,4 6
00719_000,567 590
00719_001,
00719_002,86 101;231 253
00719_003,147 157
00719_004,263 280
00719_005,
00719_006,819 827
00719_007,254 258
00719_008,
00719_009,47 62;67 82
00719_010,26 44
00719_011,0 7
00719_012,7 12
00768_000,469 493
00768_001,439 465
00768_002,
00768_003,60 73
00768_004,
00768_005,159 165;225 242
00768_006,398 407
00768_007,143 147
00768_008,292 301
00768_009,29 44
00768_010,44 57
00768_011,1 7
00768_012,7 9
00777_000,510 524
00777_001,483 509
00777_002,239 254
00777_003,26 35;103 113
00777_004,219 235
00777_005,276 283;309 325
00777_006,440 452
00777_007,213 217
00777_008,
00777_009,35 47
00777_010,55 73;114 127
00777_011,4 10
00777_012,10 12
00821_000,
00821_001,744 769
00821_002,343 358
00821_003,
00821_004,362 378
00821_005,485 488;514 536
00821_006,697 706
00821_007,
00821_008,
00821_009,62 77
00821_010,48 62
00821_011,23 28
00821_012,28 30
00977_000,928 939
00977_001,
00977_002,370 393
00977_003,26 34;117 125;405 413
00977_004,199 213
00977_005,
00977_006,503 512;663 670;774 782
00977_007,470 474
00977_008,
00977_009,3 18;37 52
00977_010,57 80
00977_011,
00977_012,
00987_000,567 577
00987_001,543 566
00987_002,181 196
00987_003,79 89
00987_004,156 172
00987_005,312 319;364 389;397 402
00987_006,783 793
00987_007,173 177
00987_008,873 891;896 913
00987_009,14 27;52 65
00987_010,35 51
00987_011,0 4
00987_012,4 6
01165_000,243 271
01165_001,212 242
01165_002,
01165_003,28 36;83 91
01165_004,
01165_005,
01165_006,350 358
01165_007,
01165_008,
01165_009,11 24
01165_010,63 79
01165_011,0 5
01165_012,5 7
01622_000,650 680
01622_001,625 649
01622_002,
01622_003,116 118;126 135
01622_004,435 447
01622_005,301 308;344 361
01622_006,710 718
01622_007,
01622_008,764 771;775 784
01622_009,59 74;138 151;155 164
01622_010,96 109
01622_011,25 37
01622_012,37 42
01694_000,465 489
01694_001,
01694_002,
01694_003,41 50
01694_004,123 139
01694_005,314 322;353 378
01694_006,206 214;521 529;627 635
01694_007,118 122
01694_008,162 180
01694_009,11 27
01694_010,27 40
01694_011,0 5
01694_012,5 7
01742_000,926 938
01742_001,886 912
01742_002,247 262
01742_003,97 118
01742_004,288 309
01742_005,490 497;546 563
01742_006,355 363;673 682
01742_007,266 270
01742_008,
01742_009,33 48;52 59
01742_010,59 71
01742_011,7 13
01742_012,13 15
01809_000,663 688
01809_001,637 662
01809_002,293 314
01809_003,77 87
01809_004,319 335
01809_005,341 370
01809_006,176 185;519 528
01809_007,
01809_008,219 226
01809_009,32 47;51 58
01809_010,87 112
01809_011,0 11
01809_012,11 16
01855_000,452 469
01855_001,422 451
01855_002,230 252
01855_003,48 56;90 98;134 141
01855_004,182 193
01855_005,256 263;319 336
01855_006,599 608
01855_007,76 84;206 222
01855_008,
01855_009,59 72
01855_010,25 44
01855_011,0 6
01855_012,7 9
01948_000,626 651
01948_001,596 625
01948_002,185 200
01948_003,79 102;127 140
01948_004,
01948_005,266 273;366 373
01948_006,525 533
01948_007,232 256
01948_008,
01948_009,36 51
01948_010,58 77
01948_011,0 9
01948_012,9 11
02223_000,638 649
02223_001,655 678
02223_002,133 148
02223_003,110 119
02223_004,153 170
02223_005,470 477;502 518
02223_006,232 241;576 585
02223_007,
02223_008,309 329
02223_009,119 132
02223_010,
02223_011,21 33
02223_012,33 38
10004_100,206 218
10004_101,
10004_102,527 563
10004_103,
10004_104,0 6
10004_105,
10004_106,264 306
10004_107,82 114
10004_108,219 229
10004_109,
10004_110,443 460
10004_111,41 55
10004_112,6 8
10028_100,
10028_101,
10028_102,700 734
10028_103,275 284;474 483
10028_104,0 11
10028_105,313 339
10028_106,370 378;399 436
10028_107,32 51
10028_108,
10028_109,
10028_110,683 699
10028_111,57 80
10028_112,11 17
10101_100,714 735
10101_101,
10101_102,780 826
10101_103,350 377
10101_104,0 5
10101_105,414 423;434 443
10101_106,
10101_107,86 101
10101_108,
10101_109,
10101_110,652 668
10101_111,102 123
10101_112,
10124_100,
10124_101,
10124_102,
10124_103,436 445
10124_104,17 29
10124_105,512 543
10124_106,179 223
10124_107,66 93;139 166
10124_108,
10124_109,
10124_110,548 585
10124_111,102 118
10124_112,29 36
10181_100,
10181_101,283 291
10181_102,752 785
10181_103,327 336
10181_104,9 16
10181_105,327 336;349 359
10181_106,167 187
10181_107,69 84
10181_108,522 541
10181_109,293 305
10181_110,
10181_111,86 106
10181_112,16 23
10196_100,
10196_101,
10196_102,
10196_103,175 184
10196_104,0 5
10196_105,175 184;200 212
10196_106,
10196_107,15 24
10196_108,
10196_109,
10196_110,250 266
10196_111,26 39
10196_112,8 10
10267_100,
10267_101,253 282;626 650
10267_102,549 583
10267_103,239 248;651 660
10267_104,35 41
10267_105,684 691;730 745
10267_106,138 184
10267_107,82 91;674 683
10267_108,
10267_109,213 222;661 670
10267_110,326 360
10267_111,87 91;96 119
10267_112,41 48
10268_100,
10268_101,
10268_102,758 792
10268_103,388 397
10268_104,17 23
10268_105,
10268_106,431 472
10268_107,50 55;77 96
10268_108,290 293;318 334
10268_109,403 422
10268_110,806 826
10268_111,100 129
10268_112,23 25
10316_100,
10316_101,
10316_102,842 864
10316_103,280 289
10316_104,26 38
10316_105,314 320;353 367
10316_106,
10316_107,
10316_108,
10316_109,434 462
10316_110,757 769
10316_111,85 101
10316_112,38 45
10358_100,
10358_101,
10358_102,731 761
10358_103,323 332
10358_104,17 29
10358_105,
10358_106,
10358_107,74 100
10358_108,414 421;458 475
10358_109,381 403
10358_110,539 554
10358_111,108 122
10358_112,29 36
10414_100,
10414_101,
10414_102,
10414_103,359 368
10414_104,59 71
10414_105,
10414_106,382 418
10414_107,114 133
10414_108,
10414_109,164 173
10414_110,487 506
10414_111,141 157
10414_112,71 78
10420_100,
10420_101,407 432
10420_102,296 335;637 672
10420_103,348 357
10420_104,7 13
10420_105,
10420_106,
10420_107,29 38
10420_108,
10420_109,377 399
10420_110,229 266
10420_111,43 66
10420_112,13 15
10530_100,450 471
10530_101,
10530_102,700 720;731 770
10530_103,340 349
10530_104,0 5
10530_105,369 387
10530_106,227 271
10530_107,38 64
10530_108,
10530_109,
10530_110,521 537
10530_111,65 88
10530_112,5 12
10665_100,
10665_101,459 471
10665_102,543 576
10665_103,489 498
10665_104,7 13
10665_105,489 498;510 521
10665_106,209 242
10665_107,89 108
10665_108,652 676
10665_109,421 438
10665_110,522 542
10665_111,64 75
10665_112,31 38
10747_100,
10747_101,
10747_102,552 572
10747_103,288 298;308 312;317 321
10747_104,0 5
10747_105,331 348
10747_106,
10747_107,21 26;48 69
10747_108,
10747_109,
10747_110,590 606
10747_111,26 47
10747_112,5 7
10780_100,679 696
10780_101,421 433
10780_102,759 795
10780_103,215 224;313 322
10780_104,0 5
10780_105,266 272;293 302
10780_106,162 194
10780_107,18 30
10780_108,512 536
10780_109,396 408
10780_110,603 617
10780_111,38 54
10780_112,5 7
10785_100,
10785_101,
10785_102,763 797
10785_103,306 315
10785_104,4 12
10785_105,352 359;384 405
10785_106,
10785_107,47 66
10785_108,459 488
10785_109,
10785_110,691 707
10785_111,72 101
10785_112,12 19
10820_100,575 590;596 606
10820_101,
10820_102,633 667
10820_103,749 758
10820_104,9 21
10820_105,
10820_106,289 341
10820_107,51 78
10820_108,
10820_109,783 800
10820_110,397 423
10820_111,86 102
10820_112,21 23
10847_100,
10847_101,
10847_102,748 788
10847_103,219 228
10847_104,17 23
10847_105,
10847_106,362 404
10847_107,69 95
10847_108,
10847_109,232 241
10847_110,
10847_111,98 115
10847_112,23 30
10873_100,612 625
10873_101,421 433;438 461
10873_102,849 878
10873_103,495 522
10873_104,0 4
10873_105,
10873_106,271 303
10873_107,43 76
10873_108,626 654
10873_109,527 546
10873_110,586 602
10873_111,167 187
10873_112,4 6
20001_200,157 165
20001_201,
20001_202,
20001_203,
20001_204,464 480;495 505
20001_205,20 38;62 80
20001_206,219 250;255 262;266 275
20001_207,
20001_208,9 16
20001_209,
20001_210,128 149
20001_211,438 450
20001_212,85 123;316 377
20001_213,44 54
20001_214,451 460
20001_215,
20001_216,3 9
20167_200,477 485;486 499
20167_201,554 577
20167_202,
20167_203,898 918
20167_204,334 350;369 380
20167_205,22 39;62 92
20167_206,179 205;214 221
20167_207,
20167_208,2 4
20167_209,
20167_210,445 463
20167_211,265 277
20167_212,93 108;109 147
20167_213,39 49
20167_214,306 318
20167_215,
20167_216,0 2
20299_200,75 116;121 135
20299_201,
20299_202,
20299_203,556 567
20299_204,480 496;538 548
20299_205,56 74
20299_206,
20299_207,
20299_208,33 40
20299_209,
20299_210,
20299_211,276 288
20299_212,145 176;198 211;212 222;231 263
20299_213,
20299_214,292 301
20299_215,
20299_216,23 28
20304_200,222 275;277 280
20304_201,
20304_202,
20304_203,
20304_204,
20304_205,40 58;102 132
20304_206,
20304_207,
20304_208,0 2;21 22
20304_209,
20304_210,343 363
20304_211,518 530
20304_212,148 176;462 479
20304_213,76 98
20304_214,531 539;563 575
20304_215,
20304_216,18 21
20445_200,441 485;489 515
20445_201,
20445_202,331 335
20445_203,342 358
20445_204,245 261
20445_205,45 63
20445_206,
20445_207,
20445_208,28 29
20445_209,
20445_210,
20445_211,229 241
20445_212,119 137;138 170;175 215
20445_213,64 85
20445_214,290 303
20445_215,
20445_216,23 28
20540_200,
20540_201,
20540_202,
20540_203,465 481
20540_204,558 574
20540_205,48 66
20540_206,606 627;632 653
20540_207,
20540_208,0 3;25 32
20540_209,
20540_210,
20540_211,327 339
20540_212,94 124;133 173;188 263
20540_213,66 87
20540_214,310 323
20540_215,
20540_216,20 25
20747_200,113 130;131 179;188 197
20747_201,
20747_202,626 630
20747_203,886 902
20747_204,
20747_205,41 59;300 348
20747_206,
20747_207,430 451
20747_208,28 30
20747_209,
20747_210,489 506
20747_211,532 544
20747_212,349 378;379 407;408 425
20747_213,59 71;282 299
20747_214,548 557
20747_215,
20747_216,23 28
20755_200,110 122;124 143;144 159;160 174;179 188
20755_201,
20755_202,826 830
20755_203,852 862;863 874
20755_204,
20755_205,54 72;334 359;752 777
20755_206,
20755_207,
20755_208,0 2;25 27
20755_209,
20755_210,551 578
20755_211,599 611
20755_212,360 384;389 417
20755_213,40 54;307 329
20755_214,615 627
20755_215,
20755_216,19 25
20791_200,123 160;164 174
20791_201,
20791_202,
20791_203,294 298
20791_204,274 289
20791_205,26 44
20791_206,367 402
20791_207,
20791_208,2 3
20791_209,
20791_210,175 196
20791_211,258 270
20791_212,65 85;93 121
20791_213,44 53;54 59
20791_214,331 344
20791_215,
20791_216,0 2
21054_200,
21054_201,
21054_202,
21054_203,654 671
21054_204,185 201
21054_205,21 38
21054_206,361 387
21054_207,
21054_208,5 7
21054_209,261 268
21054_210,64 68;70 79;478 482;484 493
21054_211,
21054_212,80 98;100 124;126 143;144 164;496 512;514 538;540 557;558 578
21054_213,38 45
21054_214,
21054_215,202 219;224 244;245 246
21054_216,0 5
21137_200,
21137_201,
21137_202,320 324;869 873
21137_203,824 840
21137_204,
21137_205,3 21;65 83
21137_206,
21137_207,
21137_208,33 35
21137_209,
21137_210,
21137_211,175 187
21137_212,120 152
21137_213,83 97
21137_214,
21137_215,
21137_216,27 33
21141_200,96 134;135 147;148 163
21141_201,
21141_202,650 654;825 829
21141_203,808 824
21141_204,429 463
21141_205,36 54;241 284
21141_206,
21141_207,339 368
21141_208,29 31
21141_209,
21141_210,
21141_211,406 418
21141_212,285 304;305 338
21141_213,54 75;228 240
21141_214,419 428;485 508
21141_215,
21141_216,23 29
21282_200,
21282_201,323 348
21282_202,255 259
21282_203,201 217
21282_204,
21282_205,23 41;88 98
21282_206,
21282_207,
21282_208,5 7
21282_209,
21282_210,54 72
21282_211,
21282_212,85 108;109 124;125 165
21282_213,41 53
21282_214,
21282_215,
21282_216,0 5
21621_200,391 414
21621_201,
21621_202,255 259
21621_203,634 650
21621_204,106 122
21621_205,16 39
21621_206,
21621_207,
21621_208,5 12
21621_209,
21621_210,
21621_211,
21621_212,415 448
21621_213,39 49
21621_214,
21621_215,338 366
21621_216,0 5
21681_200,
21681_201,
21681_202,
21681_203,396 412
21681_204,240 256
21681_205,45 63;64 92
21681_206,
21681_207,
21681_208,6 13
21681_209,
21681_210,
21681_211,
21681_212,108 129;133 150
21681_213,27 45;92 104
21681_214,
21681_215,
21681_216,0 6
21724_200,302 342
21724_201,
21724_202,720 724
21724_203,799 815
21724_204,
21724_205,8 26;42 56
21724_206,357 420
21724_207,
21724_208,5 7
21724_209,
21724_210,230 251
21724_211,
21724_212,57 96;103 126;130 200
21724_213,26 35
21724_214,510 528
21724_215,
21724_216,0 5
21730_200,118 124;132 168;169 184
21730_201,
21730_202,
21730_203,387 406;809 825
21730_204,366 382
21730_205,10 28
21730_206,
21730_207,259 292
21730_208,
21730_209,
21730_210,29 43
21730_211,343 355
21730_212,44 96
21730_213,0 10
21730_214,329 342
21730_215,
21730_216,
21808_200,102 161;166 178
21808_201,
21808_202,
21808_203,558 574
21808_204,248 264
21808_205,83 101
21808_206,
21808_207,
21808_208,0 2;31 38
21808_209,
21808_210,
21808_211,212 224
21808_212,
21808_213,67 83
21808_214,228 237
21808_215,
21808_216,19 26
21853_200,
21853_201,
21853_202,
21853_203,
21853_204,231 247
21853_205,36 64
21853_206,
21853_207,
21853_208,4 6
21853_209,
21853_210,612 630
21853_211,204 216
21853_212,100 131;140 181
21853_213,78 99
21853_214,217 226
21853_215,325 353
21853_216,0 4
21997_200,568 609;613 627
21997_201,
21997_202,
21997_203,913 929
21997_204,377 393
21997_205,42 65;93 127
21997_206,
21997_207,
21997_208,0 3;26 28
21997_209,
21997_210,
21997_211,408 420
21997_212,136 192;199 228;230 280;281 315
21997_213,66 83
21997_214,435 448
21997_215,
21997_216,14 26
30037_300,843 869
30037_301,123 164
30037_302,507 535
30037_303,770 777
30037_304,205 221
30037_305,
30037_306,92 106
30037_307,909 932
30037_308,50 55
30037_309,
30037_310,
30037_311,
30037_312,171 186
30037_313,324 345;363 384
30037_314,282 291
30037_315,38 50
30437_300,404 433
30437_301,16 32
30437_302,180 200
30437_303,589 596
30437_304,45 53
30437_305,254 263
30437_306,65 74
30437_307,
30437_308,10 12
30437_309,32 45
30437_310,
30437_311,
30437_312,
30437_313,93 131
30437_314,172 179
30437_315,4 10
30918_300,652 686
30918_301,30 46
30918_302,386 402
30918_303,621 628
30918_304,92 100
30918_305,428 437
30918_306,
30918_307,748 765
30918_308,5 7
30918_309,11 27
30918_310,249 294
30918_311,386 392;418 427
30918_312,127 140
30918_313,188 247
30918_314,119 126
30918_315,0 5
31272_300,541 583
31272_301,58 80
31272_302,332 345
31272_303,368 375;509 516
31272_304,
31272_305,
31272_306,152 166;287 315
31272_307,629 648
31272_308,0 2;25 30
31272_309,108 121
31272_310,
31272_311,
31272_312,130 143
31272_313,
31272_314,
31272_315,13 25
31534_300,743 790
31534_301,130 146
31534_302,414 426
31534_303,691 698;721 728
31534_304,
31534_305,
31534_306,94 108
31534_307,852 870
31534_308,5 7
31534_309,24 37;64 84
31534_310,
31534_311,
31534_312,197 210
31534_313,249 263;289 332
31534_314,
31534_315,0 5
31663_300,
31663_301,138 155
31663_302,232 248
31663_303,463 472
31663_304,172 180
31663_305,199 220
31663_306,122 134
31663_307,512 522
31663_308,11 16
31663_309,87 105
31663_310,
31663_311,269 274;389 404
31663_312,106 121
31663_313,
31663_314,222 231
31663_315,0 11
32996_300,488 520
32996_301,104 132
32996_302,174 194
32996_303,324 339;527 537
32996_304,88 104
32996_305,
32996_306,24 34;50 85
32996_307,
32996_308,4 5
32996_309,10 21
32996_310,
32996_311,209 247
32996_312,
32996_313,250 300
32996_314,
32996_315,0 4
33155_300,667 698
33155_301,29 45
33155_302,371 383
33155_303,929 936
33155_304,279 287
33155_305,406 433
33155_306,83 97
33155_307,
33155_308,4 9
33155_309,45 50
33155_310,297 316
33155_311,
33155_312,60 75
33155_313,134 179
33155_314,255 262
33155_315,0 4
33318_300,
33318_301,54 70
33318_302,306 318
33318_303,546 553
33318_304,90 107
33318_305,
33318_306,
33318_307,753 773
33318_308,0 2;25 30
33318_309,35 51
33318_310,
33318_311,322 341
33318_312,176 191
33318_313,248 289
33318_314,
33318_315,17 25
33563_300,622 646
33563_301,83 99
33563_302,440 452
33563_303,572 579
33563_304,115 123
33563_305,
33563_306,
33563_307,831 857
33563_308,0 1;19 20
33563_309,75 83
33563_310,176 206
33563_311,457 477
33563_312,
33563_313,365 412
33563_314,165 172
33563_315,16 19
34274_300,441 467
34274_301,74 89
34274_302,225 246
34274_303,331 343;382 389
34274_304,67 73
34274_305,
34274_306,132 168
34274_307,607 624
34274_308,
34274_309,42 65
34274_310,264 290
34274_311,
34274_312,
34274_313,170 191
34274_314,103 109
34274_315,0 5
34659_300,526 561
34659_301,20 46
34659_302,
34659_303,
34659_304,111 130
34659_305,
34659_306,395 404
34659_307,613 629
34659_308,5 7
34659_309,51 72
34659_310,269 303
34659_311,
34659_312,95 108
34659_313,181 243
34659_314,
34659_315,0 5
34986_300,
34986_301,128 133;190 206
34986_302,535 562
34986_303,781 788
34986_304,157 173
34986_305,
34986_306,361 375;411 430
34986_307,903 919
34986_308,0 3;24 29
34986_309,93 106
34986_310,
34986_311,583 622
34986_312,
34986_313,460 465;496 508
34986_314,
34986_315,17 24
36682_300,
36682_301,59 75
36682_302,345 359
36682_303,361 373;596 603
36682_304,51 59
36682_305,295 304
36682_306,75 86
36682_307,713 733
36682_308,26 31
36682_309,94 108
36682_310,156 180
36682_311,423 427;465 480
36682_312,
36682_313,204 261
36682_314,
36682_315,18 26
37081_300,446 469
37081_301,41 57
37081_302,285 297
37081_303,365 377
37081_304,104 120
37081_305,254 277
37081_306,156 183
37081_307,578 601
37081_308,18 23
37081_309,63 90
37081_310,
37081_311,
37081_312,
37081_313,192 197;213 237
37081_314,278 284
37081_315,12 18
37186_300,665 692
37186_301,69 99
37186_302,241 260
37186_303,424 431;487 494
37186_304,
37186_305,228 236
37186_306,
37186_307,569 599
37186_308,10 12
37186_309,23 34
37186_310,
37186_311,
37186_312,
37186_313,
37186_314,220 227
37186_315,4 10
37240_300,728 753
37240_301,113 124
37240_302,497 511
37240_303,704 711
37240_304,92 100;315 322
37240_305,
37240_306,228 275
37240_307,
37240_308,0 2;29 33
37240_309,146 166
37240_310,283 312
37240_311,545 579
37240_312,
37240_313,401 430;468 482
37240_314,
37240_315,17 29
38061_300,573 598
38061_301,97 136
38061_302,434 458
38061_303,560 567
38061_304,81 97
38061_305,350 372
38061_306,236 278
38061_307,607 626
38061_308,25 30
38061_309,165 186
38061_310,382 408
38061_311,
38061_312,
38061_313,
38061_314,342 349
38061_315,18 25
38546_300,578 612
38546_301,92 109
38546_302,
38546_303,534 548;736 743
38546_304,120 128
38546_305,337 358
38546_306,
38546_307,
38546_308,0 2;38 43
38546_309,79 91
38546_310,
38546_311,
38546_312,
38546_313,
38546_314,270 279
38546_315,16 28
39149_300,628 659
39149_301,41 82
39149_302,262 274
39149_303,
39149_304,99 107
39149_305,
39149_306,167 181;223 246
39149_307,704 728
39149_308,5 7
39149_309,25 40
39149_310,
39149_311,
39149_312,141 154
39149_313,
39149_314,
39149_315,0 5
40045_400,467 474;490 503;504 514;545 553
40045_401,52 63;81 93;205 217
40045_402,
40045_403,
40045_404,467 489
40045_405,467 474;530 542
40045_406,353 376
40045_407,27 34
40045_408,
40045_409,15 27
40187_400,501 516;527 543;544 560;561 573;574 587;608 616
40187_401,47 59;336 348
40187_402,186 194
40187_403,827 856
40187_404,
40187_405,501 526
40187_406,419 436;482 488
40187_407,5 7
40187_408,293 314
40187_409,0 5
40923_400,563 566;587 600;601 609
40923_401,12 24;453 465
40923_402,115 132;141 167;171 179
40923_403,
40923_404,
40923_405,
40923_406,288 314
40923_407,5 7
40923_408,211 230
40923_409,0 5
40984_400,422 429;438 451;452 464
40984_401,51 63;94 106;362 373
40984_402,755 793;803 811;826 833
40984_403,
40984_404,376 385;541 564
40984_405,
40984_406,323 350
40984_407,10 12
40984_408,255 274
40984_409,4 10
41130_400,
41130_401,59 71
41130_402,232 242;251 266;274 281;285 293
41130_403,
41130_404,
41130_405,
41130_406,
41130_407,6 8
41130_408,
41130_409,0 6
41376_400,210 231;232 239;258 272
41376_401,114 126
41376_402,
41376_403,
41376_404,
41376_405,331 352
41376_406,389 414
41376_407,6 13
41376_408,283 296
41376_409,0 6
41863_400,
41863_401,58 70;231 243
41863_402,
41863_403,
41863_404,
41863_405,
41863_406,120 145
41863_407,21 27
41863_408,
41863_409,15 21
42031_400,
42031_401,26 38
42031_402,196 232
42031_403,251 290
42031_404,295 309;372 397;399 408;411 428
42031_405,
42031_406,340 360
42031_407,12 13
42031_408,
42031_409,5 11
42113_400,483 503;515 522;523 543;546 558;560 571;586 600
42113_401,24 36;123 135
42113_402,167 174;226 243
42113_403,
42113_404,
42113_405,452 482
42113_406,
42113_407,6 8
42113_408,411 423;433 443
42113_409,0 5
42427_400,520 528;642 659;660 692;717 730
42427_401,42 54;85 93;204 216
42427_402,318 343
42427_403,462 481
42427_404,520 528;567 582;583 600;608 620
42427_405,520 528;731 746
42427_406,428 454
42427_407,5 7
42427_408,501 520
42427_409,0 5
42528_400,666 673;683 690;691 704;708 720
42528_401,55 68;240 252;312 320
42528_402,
42528_403,
42528_404,562 586;587 597;605 624
42528_405,
42528_406,426 452
42528_407,18 25
42528_408,
42528_409,12 18
42543_400,593 619;622 630
42543_401,79 91
42543_402,
42543_403,
42543_404,
42543_405,
42543_406,551 571
42543_407,23 30
42543_408,526 547
42543_409,17 23
42802_400,318 321;341 354;374 391;394 411
42802_401,44 52;130 138
42802_402,434 444;469 503
42802_403,874 896
42802_404,
42802_405,318 321;355 373
42802_406,234 243;263 289
42802_407,22 29
42802_408,210 229
42802_409,15 22
43669_400,572 579;586 599
43669_401,100 112;211 223
43669_402,451 496;518 537
43669_403,
43669_404,572 579;637 646;759 762;771 781
43669_405,572 579;622 636
43669_406,419 439
43669_407,28 34
43669_408,398 415
43669_409,16 28
43819_400,468 490;506 511;515 531;740 774
43819_401,24 36
43819_402,294 326;331 339
43819_403,
43819_404,
43819_405,468 475;479 487;498 505
43819_406,101 127
43819_407,4 6
43819_408,76 97
43819_409,0 4
44028_400,
44028_401,81 93;128 136;198 206;305 313
44028_402,353 372;377 404
44028_403,
44028_404,539 563;585 600;601 633
44028_405,
44028_406,667 690
44028_407,26 33
44028_408,
44028_409,14 26
44061_400,353 376;422 429
44061_401,12 25;136 143
44061_402,136 160
44061_403,
44061_404,353 360;384 403;404 421;422 441
44061_405,353 360;461 467
44061_406,319 348
44061_407,6 8
44061_408,
44061_409,0 6
44299_400,489 504;520 534
44299_401,11 23;47 55;209 225;230 238
44299_402,
44299_403,367 395
44299_404,489 491;535 547
44299_405,489 491;505 519
44299_406,323 348
44299_407,5 7
44299_408,299 319
44299_409,0 5
44382_400,
44382_401,52 63;491 503
44382_402,157 183;261 287
44382_403,
44382_404,772 779;811 831
44382_405,772 779;847 859
44382_406,718 744
44382_407,23 30
44382_408,748 767
44382_409,0 5
44612_400,504 511;531 544;545 558;559 572
44612_401,3 11;96 108;237 245;292 303
44612_402,
44612_403,
44612_404,
44612_405,
44612_406,490 499
44612_407,58 61
44612_408,443 464
44612_409,46 58
50072_500,
50072_501,21 23
50072_502,
50072_503,297 307
50072_504,47 60;400 412
50072_505,124 176
50072_506,425 428;436 439
50072_507,720 723;743 752
50072_508,
50072_509,75 114
50072_510,
50072_511,191 206
50072_512,
50072_513,308 312;330 341
50072_514,356 379;387 393
50072_515,
50072_516,548 595
50072_517,15 21
50541_500,89 107
50541_501,11 13
50541_502,501 525
50541_503,236 243;260 268
50541_504,31 44;48 61;186 202
50541_505,297 315;338 407
50541_506,658 665;694 705
50541_507,501 508;528 542;857 870
50541_508,236 243;272 279
50541_509,123 154
50541_510,
50541_511,
50541_512,236 242
50541_513,
50541_514,584 613
50541_515,
50541_516,442 452;457 500
50541_517,5 11
50886_500,261 282
50886_501,17 19
50886_502,
50886_503,156 160
50886_504,49 62;123 136;148 155
50886_505,
50886_506,418 440
50886_507,819 826;844 853
50886_508,180 187
50886_509,99 120;342 355;362 408
50886_510,628 659
50886_511,
50886_512,137 142;161 179
50886_513,
50886_514,188 204
50886_515,
50886_516,854 865
50886_517,12 17
50910_500,
50910_501,21 23
50910_502,728 751
50910_503,620 649
50910_504,71 84;132 145;373 385
50910_505,269 281;285 305;386 432
50910_506,601 619
50910_507,836 843;875 884
50910_508,685 692
50910_509,122 165
50910_510,
50910_511,237 258
50910_512,
50910_513,215 230
50910_514,336 354
50910_515,
50910_516,885 901;906 915
50910_517,15 21
51439_500,17 32;96 121
51439_501,5 12
51439_502,
51439_503,398 406;441 461
51439_504,35 48;411 423
51439_505,
51439_506,603 617
51439_507,759 785
51439_508,398 406;507 516
51439_509,57 90;167 179;193 214
51439_510,517 545
51439_511,238 257
51439_512,398 406;424 440
51439_513,462 479
51439_514,
51439_515,557 563;577 602
51439_516,136 166;833 855
51439_517,0 5
51760_500,114 138
51760_501,18 19
51760_502,
51760_503,90 94;284 304
51760_504,72 86;101 114
51760_505,
51760_506,435 442;446 457
51760_507,671 674;692 706
51760_508,
51760_509,143 186
51760_510,284 295;305 332
51760_511,227 246
51760_512,
51760_513,
51760_514,
51760_515,
51760_516,744 773;778 805;817 827
51760_517,15 18
52588_500,43 59
52588_501,18 25
52588_502,
52588_503,343 388
52588_504,32 43;109 121;272 283
52588_505,123 149;153 201
52588_506,
52588_507,566 584
52588_508,
52588_509,67 92
52588_510,
52588_511,
52588_512,
52588_513,
52588_514,
52588_515,224 232
52588_516,
52588_517,10 18
52661_500,394 434
52661_501,34 42
52661_502,
52661_503,223 238
52661_504,4 22;68 86;205 218
52661_505,480 584
52661_506,
52661_507,776 796
52661_508,223 234;239 246
52661_509,438 474
52661_510,223 234;267 309
52661_511,324 338
52661_512,223 234;247 263
52661_513,
52661_514,
52661_515,
52661_516,847 858
52661_517,28 34
52745_500,17 35;255 276
52745_501,5 12
52745_502,
52745_503,477 501;504 507;509 533
52745_504,35 48;89 102;424 436
52745_505,76 79;108 135;163 228
52745_506,634 653
52745_507,
52745_508,477 488;555 562
52745_509,316 394
52745_510,397 405;437 467
52745_511,
52745_512,477 488;537 553
52745_513,581 594
52745_514,
52745_515,
52745_516,728 753;768 805
52745_517,0 5
52932_500,65 86
52932_501,21 23
52932_502,369 405
52932_503,192 212
52932_504,52 65;159 172
52932_505,517 541;606 632
52932_506,688 697;761 772
52932_507,876 888
52932_508,192 203;213 220
52932_509,109 142
52932_510,192 208;238 253
52932_511,329 347
52932_512,
52932_513,225 233
52932_514,587 605
52932_515,440 446;470 503
52932_516,
52932_517,16 21
53129_500,169 181
53129_501,0 2;27 34
53129_502,593 613
53129_503,293 297;356 372;386 395
53129_504,101 114;121 134;451 467
53129_505,548 584
53129_506,620 634
53129_507,774 777;797 814
53129_508,316 323;356 367
53129_509,185 206;469 490;504 533
53129_510,
53129_511,409 429
53129_512,298 315;356 367
53129_513,328 332;337 349
53129_514,261 277
53129_515,
53129_516,751 773
53129_517,15 27
53152_500,81 91
53152_501,10 17
53152_502,
53152_503,284 300;350 355;374 383
53152_504,26 39
53152_505,178 191;906 950
53152_506,
53152_507,477 490;504 522
53152_508,257 264;350 355;374 383
53152_509,92 123
53152_510,320 350
53152_511,
53152_512,265 283;350 355;374 383
53152_513,301 305;313 319
53152_514,223 247
53152_515,
53152_516,616 640;644 674
53152_517,0 4
53954_500,100 121
53954_501,0 2;29 34
53954_502,
53954_503,251 280;330 347
53954_504,51 64;210 240
53954_505,
53954_506,
53954_507,805 808;828 837
53954_508,281 288;330 347
53954_509,138 171
53954_510,
53954_511,421 426;440 454
53954_512,291 308;330 335;340 347
53954_513,319 330
53954_514,391 415
53954_515,501 511;515 540
53954_516,586 603;626 654;658 673
53954_517,17 29
54901_500,108 135
54901_501,13 15
54901_502,471 474;483 497
54901_503,322 326
54901_504,41 50;598 611
54901_505,
54901_506,
54901_507,471 480
54901_508,348 356
54901_509,143 176
54901_510,
54901_511,180 201
54901_512,327 344
54901_513,61 71
54901_514,51 60;84 98
54901_515,
54901_516,658 669
54901_517,7 13
55012_500,151 172
55012_501,28 35
55012_502,
55012_503,365 369
55012_504,58 71;123 136;351 364
55012_505,
55012_506,
55012_507,855 862;871 877
55012_508,397 404
55012_509,184 220
55012_510,
55012_511,324 346
55012_512,312 321;370 388
55012_513,408 420;425 432
55012_514,
55012_515,
55012_516,464 492;497 523;559 575
55012_517,16 28
55083_500,21 39
55083_501,6 8
55083_502,481 500
55083_503,66 70
55083_504,52 65
55083_505,119 160;181 191;219 255
55083_506,658 676
55083_507,
55083_508,
55083_509,259 278
55083_510,
55083_511,360 382
55083_512,88 105
55083_513,
55083_514,
55083_515,
55083_516,421 453
55083_517,0 6
55117_500,56 76
55117_501,5 7
55117_502,
55117_503,421 433;447 451
55117_504,21 34;44 56;187 199;433 446
55117_505,158 179;228 277
55117_506,550 557;639 650
55117_507,802 805;820 833
55117_508,
55117_509,78 95;99 157
55117_510,421 433;508 548
55117_511,401 417
55117_512,421 433;488 505
55117_513,454 463;474 487
55117_514,203 223
55117_515,
55117_516,
55117_517,0 5
55410_500,60 81
55410_501,12 19
55410_502,
55410_503,185 202;221 241
55410_504,38 51
55410_505,
55410_506,
55410_507,601 626
55410_508,
55410_509,90 122
55410_510,
55410_511,160 185
55410_512,
55410_513,202 220;242 251
55410_514,256 265
55410_515,
55410_516,372 394;396 414
55410_517,0 12
55584_500,49 67
55584_501,5 7
55584_502,
55584_503,246 277
55584_504,32 46;94 98;182 231
55584_505,411 422;481 496;539 586
55584_506,837 840;848 859
55584_507,923 926;935 940
55584_508,246 257;278 285
55584_509,332 380
55584_510,110 153
55584_511,
55584_512,246 257;307 328
55584_513,
55584_514,452 476
55584_515,
55584_516,707 721;740 778
55584_517,0 5
55992_500,55 71
55992_501,2 3
55992_502,
55992_503,83 92;109 113
55992_504,41 54;95 108
55992_505,234 246;354 364;368 424
55992_506,
55992_507,838 841;858 863
55992_508,83 92;132 139
55992_509,185 217
55992_510,
55992_511,456 471
55992_512,83 92;114 131
55992_513,144 156;167 173
55992_514,275 299
55992_515,
55992_516,529 587
55992_517,0 2
60004_600,292 308
60004_601,6 11
60004_602,0 6
60004_603,265 291
60004_604,152 179
60004_605,485 492
60004_606,16 26;61 66;81 87
60004_607,35 48
60004_608,378 385;414 418
60004_609,
60004_610,233 257
60004_611,101 107;108 117;152 157
60059_600,391 397
60059_601,2 3
60059_602,0 2
60059_603,377 386;405 416
60059_604,170 194
60059_605,16 40
60059_606,58 69;111 122
60059_607,200 218
60059_608,528 535
60059_609,
60059_610,269 294
60059_611,137 143
60160_600,
60160_601,5 7
60160_602,0 5
60160_603,112 124;141 154
60160_604,75 102
60160_605,409 433
60160_606,59 70
60160_607,
60160_608,
60160_609,727 741
60160_610,184 216
60160_611,42 48
60203_600,
60203_601,5 10
60203_602,0 5
60203_603,
60203_604,104 134
60203_605,273 297
60203_606,14 25;46 57
60203_607,57 67
60203_608,
60203_609,
60203_610,
60203_611,85 91
60315_600,333 339
60315_601,11 16
60315_602,0 11
60315_603,
60315_604,193 216
60315_605,517 541
60315_606,33 44
60315_607,48 66
60315_608,343 350;398 418
60315_609,814 827
60315_610,
60315_611,172 178;273 277
60342_600,262 268
60342_601,5 10
60342_602,0 5
60342_603,269 281
60342_604,148 177
60342_605,16 40;466 489
60342_606,58 69
60342_607,72 89
60342_608,
60342_609,
60342_610,
60342_611,90 96
60564_600,267 284
60564_601,27 32
60564_602,15 27
60564_603,285 296
60564_604,168 196
60564_605,584 608
60564_606,50 61
60564_607,66 82
60564_608,307 314;333 337
60564_609,496 510;535 553;562 576
60564_610,
60564_611,148 163
60575_600,532 545
60575_601,31 36
60575_602,19 31
60575_603,452 465;467 479
60575_604,284 318
60575_605,677 701
60575_606,52 63
60575_607,63 79
60575_608,578 603
60575_609,914 926
60575_610,391 424
60575_611,260 266;270 277
60619_600,467 480
60619_601,24 28
60619_602,12 24
60619_603,481 493
60619_604,160 180;328 347;350 371
60619_605,659 683
60619_606,50 61
60619_607,66 82
60619_608,515 546
60619_609,
60619_610,275 281;285 318
60619_611,44 50;116 122;129 135
60699_600,
60699_601,25 30
60699_602,13 25
60699_603,
60699_604,340 351;365 380
60699_605,445 468
60699_606,70 81;198 209
60699_607,
60699_608,381 385;405 409
60699_609,303 327
60699_610,
60699_611,192 198;250 257
60770_600,260 266
60770_601,4 6
60770_602,0 4
60770_603,267 284
60770_604,120 150
60770_605,536 560
60770_606,40 51
60770_607,51 66
60770_608,397 404;415 423
60770_609,347 360
60770_610,218 245
60770_611,34 40
60792_600,474 484
60792_601,22 27
60792_602,14 22
60792_603,423 433;437 445
60792_604,202 227;292 314
60792_605,58 83;602 627
60792_606,120 131
60792_607,154 170
60792_608,488 495;526 530
60792_609,
60792_610,386 418
60792_611,177 192;281 287
60941_600,466 479
60941_601,5 10
60941_602,0 5
60941_603,
60941_604,288 299;312 327
60941_605,631 655
60941_606,34 45
60941_607,50 66
60941_608,
60941_609,907 920
60941_610,156 185;192 205
60941_611,230 245;388 393
61218_600,
61218_601,23 25
61218_602,14 23
61218_603,419 431;461 470
61218_604,188 214
61218_605,511 535
61218_606,155 166
61218_607,123 137
61218_608,
61218_609,339 368
61218_610,235 258;269 279
61218_611,137 150
61289_600,366 379
61289_601,4 6
61289_602,0 4
61289_603,301 312
61289_604,147 167
61289_605,9 33;599 623
61289_606,97 108
61289_607,108 127
61289_608,
61289_609,532 545
61289_610,
61289_611,227 233
61407_600,196 209
61407_601,6 11
61407_602,0 6
61407_603,247 258;274 288
61407_604,112 141
61407_605,507 531
61407_606,49 60
61407_607,61 75
61407_608,363 378
61407_609,
61407_610,
61407_611,101 107
61414_600,344 355
61414_601,21 23
61414_602,15 21
61414_603,173 185;215 224
61414_604,48 58;271 297
61414_605,502 526
61414_606,66 77
61414_607,113 129
61414_608,359 366;388 392
61414_609,736 750
61414_610,232 242;254 270
61414_611,41 47
61482_600,
61482_601,10 12
61482_602,4 10
61482_603,450 473
61482_604,153 182
61482_605,735 759
61482_606,34 45
61482_607,51 59;68 79
61482_608,246 253;266 270
61482_609,321 330
61482_610,295 306
61482_611,99 105
61552_600,405 411
61552_601,10 12
61552_602,4 10
61552_603,295 306;323 336
61552_604,74 98;140 155;246 276
61552_605,463 488
61552_606,20 31
61552_607,47 57
61552_608,
61552_609,
61552_610,199 228
61552_611,99 105;128 135
61659_600,154 171
61659_601,22 27
61659_602,15 22
61659_603,385 397
61659_604,106 136
61659_605,613 637
61659_606,66 77
61659_607,77 93
61659_608,
61659_609,
61659_610,197 230
61659_611,
70087_700,10 12
70087_701,
70087_702,17 44;82 93
70087_703,64 76
70087_704,213 230
70087_705,
70087_706,
70087_707,4 10
70087_708,55 59;104 107
70255_700,20 21
70255_701,505 517
70255_702,28 49;88 117;121 138;367 402;416 430
70255_703,329 358
70255_704,939 950
70255_705,555 563
70255_706,629 641
70255_707,14 20
70255_708,61 72;280 291;530 540
70445_700,23 25
70445_701,
70445_702,51 61;62 68;74 89
70445_703,165 188
70445_704,496 518
70445_705,
70445_706,342 368;421 433;532 551
70445_707,17 23
70445_708,102 111;606 614
70511_700,23 30
70511_701,
70511_702,100 124;355 376
70511_703,313 335
70511_704,754 779
70511_705,
70511_706,607 632;692 717
70511_707,17 23
70511_708,137 146
70792_700,25 27
70792_701,302 314
70792_702,44 58
70792_703,60 95
70792_704,783 794
70792_705,294 301
70792_706,525 547
70792_707,17 25
70792_708,32 41
71014_700,19 21
71014_701,735 747
71014_702,52 65;84 114;146 152
71014_703,
71014_704,539 564
71014_705,
71014_706,403 430
71014_707,16 19
71014_708,
71449_700,5 7
71449_701,181 198
71449_702,16 34;424 447
71449_703,396 413
71449_704,
71449_705,
71449_706,
71449_707,0 5
71449_708,37 45;202 210
71453_700,11 17
71453_701,686 703
71453_702,31 54;56 67;220 265;291 329;337 356
71453_703,
71453_704,
71453_705,386 392
71453_706,426 478
71453_707,0 11
71453_708,186 194;714 722
71531_700,23 25
71531_701,521 538
71531_702,43 53;57 71;237 265
71531_703,
71531_704,928 949
71531_705,
71531_706,296 308;313 335;355 365
71531_707,17 23
71531_708,85 93;553 561
71658_700,14 16
71658_701,
71658_702,34 51;92 111;185 230
71658_703,
71658_704,
71658_705,
71658_706,331 353;391 401
71658_707,9 14
71658_708,67 76
71861_700,5 7
71861_701,86 98
71861_702,43 54;55 65;344 359
71861_703,283 300
71861_704,600 625
71861_705,
71861_706,66 78
71861_707,0 5
71861_708,30 40
71865_700,24 26
71865_701,623 635
71865_702,42 61;156 164;176 186;278 285
71865_703,290 325
71865_704,919 929
71865_705,659 676
71865_706,521 543;560 571
71865_707,18 24
71865_708,75 80;639 642
72034_700,11 13
72034_701,314 336
72034_702,27 45;150 158;162 172;240 248;269 282
72034_703,
72034_704,
72034_705,
72034_706,527 550
72034_707,0 11
72034_708,137 146;349 357
72765_700,7 9
72765_701,417 442
72765_702,23 33;37 51;98 126;143 180
72765_703,258 278
72765_704,
72765_705,
72765_706,588 600;606 628
72765_707,4 7
72765_708,64 73;81 89;455 463
72905_700,5 7
72905_701,273 295
72905_702,35 53;99 114;134 158
72905_703,
72905_704,598 624
72905_705,235 241
72905_706,321 382
72905_707,0 5
72905_708,59 68;304 312
73209_700,5 12
73209_701,479 491
73209_702,103 114;136 168
73209_703,169 204
73209_704,925 946
73209_705,
73209_706,376 412
73209_707,0 5
73209_708,73 82
73296_700,11 18
73296_701,
73296_702,34 59;106 134;138 144;146 167;189 195;216 248
73296_703,
73296_704,692 716
73296_705,562 570
73296_706,440 463
73296_707,0 11
73296_708,93 102
73387_700,10 12
73387_701,409 421
73387_702,31 48;75 90
73387_703,813 831
73387_704,753 772
73387_705,250 260
73387_706,354 373
73387_707,4 10
73387_708,50 59;192 200;434 442
73490_700,10 12
73490_701,124 142
73490_702,16 31;82 85;105 123
73490_703,47 67
73490_704,355 375
73490_705,
73490_706,305 341
73490_707,4 10
73490_708,34 43;145 154
73792_700,10 12
73792_701,250 263
73792_702,20 40;58 72;74 91;113 148
73792_703,149 167
73792_704,667 681
73792_705,
73792_706,568 594
73792_707,4 10
73792_708,44 53;140 148;272 280
80039_800,467 490;501 513
80039_801,170 203
80039_802,26 32
80039_803,
80039_804,123 143
80039_805,18 26
80039_806,75 101
80039_807,
80039_808,61 74
80039_809,
80039_810,245 256;262 277
80039_811,392 406
80039_812,410 426
80039_813,308 376
80039_814,
80039_815,102 118
80039_816,550 557;607 625
80039_817,41 61;208 225
80245_800,343 352
80245_801,130 168
80245_802,19 26
80245_803,772 831
80245_804,
80245_805,7 19
80245_806,181 207
80245_807,
80245_808,124 142
80245_809,
80245_810,
80245_811,304 314;321 329
80245_812,304 314;330 339
80245_813,732 768
80245_814,
80245_815,
80245_816,353 378
80245_817,94 114;181 192;208 223;304 320
80441_800,
80441_801,90 102;153 172
80441_802,0 3;21 23
80441_803,
80441_804,
80441_805,14 21
80441_806,200 224
80441_807,
80441_808,86 102
80441_809,
80441_810,
80441_811,
80441_812,321 338;372 382
80441_813,
80441_814,675 682;694 716
80441_815,265 283
80441_816,387 394;424 436
80441_817,105 125;225 257
80525_800,365 384
80525_801,89 120;138 145
80525_802,0 2;20 27
80525_803,385 395;406 421
80525_804,
80525_805,14 20
80525_806,152 178
80525_807,
80525_808,32 40;81 101
80525_809,
80525_810,
80525_811,347 364
80525_812,336 346
80525_813,399 436
80525_814,743 750;780 794
80525_815,198 223
80525_816,462 470;502 505
80525_817,43 81;250 288
80857_800,
80857_801,94 122
80857_802,23 25
80857_803,
80857_804,241 261
80857_805,17 23
80857_806,212 235
80857_807,
80857_808,43 58
80857_809,
80857_810,387 427
80857_811,443 458;463 477
80857_812,
80857_813,486 506
80857_814,812 819;824 839
80857_815,275 301
80857_816,590 619
80857_817,61 77
80948_800,
80948_801,335 363
80948_802,2 4
80948_803,
80948_804,
80948_805,0 2
80948_806,139 165
80948_807,
80948_808,30 40
80948_809,
80948_810,
80948_811,225 242
80948_812,187 205
80948_813,
80948_814,
80948_815,170 186
80948_816,364 385
80948_817,13 30;106 138
81416_800,512 535
81416_801,133 150;158 168
81416_802,0 4;27 34
81416_803,
81416_804,226 243
81416_805,15 27
81416_806,198 221
81416_807,
81416_808,48 60
81416_809,
81416_810,312 319;345 373
81416_811,251 257;265 276
81416_812,382 396
81416_813,
81416_814,928 950
81416_815,
81416_816,568 584;598 607
81416_817,63 80;94 123
81437_800,617 636
81437_801,426 451
81437_802,6 13
81437_803,689 754
81437_804,157 177
81437_805,0 6
81437_806,47 70;74 110
81437_807,
81437_808,14 26;408 421
81437_809,
81437_810,
81437_811,316 333;605 616
81437_812,573 586
81437_813,763 830
81437_814,
81437_815,222 250
81437_816,637 658
81437_817,30 38;115 157;256 266;279 287;288 291
81538_800,402 414
81538_801,31 68
81538_802,6 8
81538_803,185 247
81538_804,
81538_805,0 6
81538_806,77 104
81538_807,
81538_808,32 38
81538_809,
81538_810,
81538_811,256 268
81538_812,269 277;293 302
81538_813,156 181
81538_814,591 613
81538_815,105 133
81538_816,426 433;489 507
81538_817,12 29
81773_800,277 296
81773_801,150 182
81773_802,0 2;20 22
81773_803,389 402
81773_804,
81773_805,14 20
81773_806,60 86
81773_807,
81773_808,121 141
81773_809,
81773_810,497 509;533 551
81773_811,259 276
81773_812,233 258
81773_813,347 380
81773_814,
81773_815,91 115
81773_816,297 318
81773_817,42 58;198 220
81880_800,
81880_801,198 219
81880_802,5 7
81880_803,
81880_804,
81880_805,0 5
81880_806,52 81
81880_807,
81880_808,18 28
81880_809,139 147
81880_810,323 361
81880_811,
81880_812,
81880_813,
81880_814,
81880_815,
81880_816,
81880_817,31 50;82 110;111 138
81900_800,250 268
81900_801,40 45;54 77
81900_802,9 11
81900_803,
81900_804,
81900_805,4 9
81900_806,78 106
81900_807,
81900_808,38 45
81900_809,
81900_810,
81900_811,165 173
81900_812,174 190
81900_813,191 237
81900_814,
81900_815,126 148
81900_816,273 280;372 390
81900_817,15 38;86 88;107 122
82139_800,359 378
82139_801,294 316
82139_802,6 8
82139_803,
82139_804,
82139_805,0 6
82139_806,188 211
82139_807,
82139_808,50 70
82139_809,263 281
82139_810,
82139_811,225 244
82139_812,443 460
82139_813,389 439
82139_814,844 859
82139_815,164 181
82139_816,485 508
82139_817,32 49;142 163
82967_800,
82967_801,58 62;72 77;86 99
82967_802,6 13
82967_803,
82967_804,
82967_805,0 6
82967_806,
82967_807,
82967_808,33 44
82967_809,
82967_810,278 291;296 307
82967_811,197 205
82967_812,162 172
82967_813,
82967_814,
82967_815,
82967_816,
82967_817,17 29;115 138;222 270
83199_800,
83199_801,83 115
83199_802,7 14
83199_803,437 460
83199_804,
83199_805,1 7
83199_806,270 296
83199_807,
83199_808,63 77
83199_809,
83199_810,324 337;352 366
83199_811,698 706
83199_812,678 694
83199_813,
83199_814,933 947
83199_815,
83199_816,
83199_817,35 55;196 223;270 281;300 319
83376_800,322 341
83376_801,43 51;73 92
83376_802,6 8
83376_803,385 409
83376_804,
83376_805,0 6
83376_806,
83376_807,
83376_808,39 51
83376_809,
83376_810,203 209;214 260
83376_811,160 172;176 183;293 298;314 321
83376_812,293 310
83376_813,374 381;394 409;452 465
83376_814,885 906
83376_815,
83376_816,466 477;491 500
83376_817,21 39;129 159
83400_800,416 439
83400_801,107 111;117 141
83400_802,8 10
83400_803,210 269
83400_804,
83400_805,3 8
83400_806,33 52
83400_807,
83400_808,84 96
83400_809,
83400_810,164 195
83400_811,
83400_812,
83400_813,283 320
83400_814,
83400_815,56 84
83400_816,367 381;397 415
83400_817,19 28;146 155;483 514
83598_800,833 851
83598_801,133 158
83598_802,0 4;27 33
83598_803,386 410;440 498
83598_804,264 280
83598_805,15 27
83598_806,187 209
83598_807,
83598_808,99 114
83598_809,
83598_810,894 907;923 939
83598_811,
83598_812,
83598_813,299 352
83598_814,
83598_815,
83598_816,692 717
83598_817,117 128;187 197;210 222
83794_800,
83794_801,122 134;149 165
83794_802,0 3;26 32
83794_803,464 473;486 500
83794_804,
83794_805,14 26
83794_806,174 197
83794_807,
83794_808,116 134
83794_809,
83794_810,
83794_811,318 327
83794_812,274 293
83794_813,479 500
83794_814,798 827
83794_815,218 233
83794_816,423 442
83794_817,90 110;174 182;198 213
83955_800,315 333
83955_801,251 281
83955_802,11 18
83955_803,389 406
83955_804,119 131
83955_805,0 11
83955_806,86 109
83955_807,
83955_808,55 77
83955_809,
83955_810,483 514
83955_811,194 208
83955_812,
83955_813,345 373
83955_814,
83955_815,154 177
83955_816,451 472
83955_817,33 50
90127_900,250 258;263 273;283 293
90127_901,33 45
90127_902,101 111
90127_903,
90127_904,
90127_905,
90127_906,346 355
90127_907,
90127_908,320 327
90127_909,
90127_910,631 651
90127_911,
90127_912,
90127_913,45 52
90127_914,307 319
90127_915,411 418;441 455
90127_916,375 392
90229_900,222 242
90229_901,0 5
90229_902,37 43
90229_903,377 388
90229_904,25 34;109 127
90229_905,144 159
90229_906,259 268
90229_907,
90229_908,
90229_909,
90229_910,501 519
90229_911,
90229_912,437 457
90229_913,5 7
90229_914,330 342
90229_915,520 537
90229_916,358 376
90719_900,127 135;139 173
90719_901,0 5
90719_902,38 48
90719_903,364 369
90719_904,49 61
90719_905,
90719_906,270 279
90719_907,406 418
90719_908,260 266
90719_909,
90719_910,
90719_911,
90719_912,634 637;671 678;682 692
90719_913,5 7
90719_914,370 389
90719_915,406 413;434 447
90719_916,314 320
90900_900,197 234
90900_901,0 4
90900_902,70 77
90900_903,
90900_904,
90900_905,
90900_906,336 344
90900_907,
90900_908,322 332
90900_909,
90900_910,
90900_911,
90900_912,463 467;468 472;476 486
90900_913,4 11
90900_914,133 154
90900_915,
90900_916,
91253_900,714 722;726 736;750 760
91253_901,15 22
91253_902,54 64
91253_903,548 553
91253_904,
91253_905,503 508;531 536
91253_906,364 372
91253_907,584 592
91253_908,
91253_909,567 583
91253_910,
91253_911,
91253_912,761 778;781 788
91253_913,22 24
91253_914,487 499
91253_915,
91253_916,431 441
91509_900,285 295;296 304;323 338
91509_901,21 27
91509_902,41 51
91509_903,
91509_904,
91509_905,383 393
91509_906,373 382
91509_907,
91509_908,365 372
91509_909,
91509_910,
91509_911,
91509_912,613 617;618 625;630 640
91509_913,27 29
91509_914,352 364
91509_915,
91509_916,412 423
91776_900,353 363;373 389
91776_901,34 41
91776_902,180 190
91776_903,423 428
91776_904,
91776_905,443 453
91776_906,276 285
91776_907,
91776_908,265 272
91776_909,457 468
91776_910,780 799
91776_911,
91776_912,739 747;748 762
91776_913,41 48
91776_914,490 502
91776_915,
91776_916,579 589
91922_900,369 377;378 388;404 419
91922_901,34 40
91922_902,58 64
91922_903,
91922_904,121 129;132 140
91922_905,
91922_906,311 320
91922_907,
91922_908,285 292
91922_909,
91922_910,587 606
91922_911,
91922_912,
91922_913,40 42
91922_914,243 255
91922_915,613 622
91922_916,256 270
92097_900,170 178;179 189;204 214
92097_901,16 23
92097_902,71 81
92097_903,
92097_904,146 155
92097_905,
92097_906,360 368
92097_907,
92097_908,352 359
92097_909,
92097_910,
92097_911,
92097_912,450 454;455 464;473 483
92097_913,23 25
92097_914,285 326
92097_915,
92097_916,
92300_900,
92300_901,69 75
92300_902,37 47;145 155
92300_903,119 125
92300_904,
92300_905,175 180;185 190
92300_906,259 268
92300_907,
92300_908,248 255
92300_909,
92300_910,635 656
92300_911,
92300_912,588 594;608 615;619 629
92300_913,75 82
92300_914,414 426
92300_915,368 400
92300_916,112 118;285 298
92564_900,
92564_901,0 9
92564_902,30 40
92564_903,
92564_904,
92564_905,132 147
92564_906,249 258
92564_907,406 413;428 432
92564_908,213 220
92564_909,305 316;320 336
92564_910,
92564_911,
92564_912,490 494;495 501;505 514
92564_913,9 11
92564_914,148 168
92564_915,406 427
92564_916,271 277
92590_900,331 353
92590_901,7 13
92590_902,31 37;151 161
92590_903,110 121
92590_904,
92590_905,
92590_906,272 281
92590_907,
92590_908,264 271
92590_909,60 87;97 109;126 137
92590_910,
92590_911,
92590_912,552 556;571 590
92590_913,13 15
92590_914,286 307
92590_915,
92590_916,
93113_900,184 194;204 212;214 233
93113_901,0 5
93113_902,33 43
93113_903,
93113_904,
93113_905,
93113_906,285 294
93113_907,
93113_908,283 284
93113_909,322 333
93113_910,
93113_911,
93113_912,485 500
93113_913,5 7
93113_914,268 280
93113_915,
93113_916,
93779_900,235 268
93779_901,4 10
93779_902,31 41
93779_903,
93779_904,
93779_905,
93779_906,119 128
93779_907,
93779_908,132 139
93779_909,303 314;318 331
93779_910,
93779_911,
93779_912,397 400;401 421
93779_913,10 12
93779_914,178 205
93779_915,
93779_916,
93988_900,
93988_901,15 22
93988_902,36 42;100 107
93988_903,
93988_904,229 256
93988_905,
93988_906,342 351
93988_907,
93988_908,334 341
93988_909,504 514;515 527
93988_910,
93988_911,
93988_912,
93988_913,22 29
93988_914,321 333
93988_915,
93988_916,
94260_900,200 210;211 219;234 244
94260_901,15 21
94260_902,115 125
94260_903,446 457
94260_904,86 104
94260_905,
94260_906,317 326;340 344
94260_907,462 472
94260_908,306 313
94260_909,486 499;500 511;515 531
94260_910,
94260_911,
94260_912,779 783;808 824
94260_913,21 23
94260_914,368 395
94260_915,
94260_916,
94271_900,138 148;150 158;169 188
94271_901,19 31
94271_902,74 84
94271_903,458 469
94271_904,95 103
94271_905,
94271_906,405 414
94271_907,
94271_908,394 401
94271_909,
94271_910,734 754
94271_911,
94271_912,634 639;640 655
94271_913,31 38
94271_914,415 432
94271_915,
94271_916,
94372_900,166 174;178 188;194 206
94372_901,0 4
94372_902,54 64
94372_903,
94372_904,245 263
94372_905,
94372_906,313 321
94372_907,
94372_908,
94372_909,
94372_910,
94372_911,
94372_912,
94372_913,4 11
94372_914,429 441
94372_915,
94372_916,
94561_900,
94561_901,4 10
94561_902,26 36
94561_903,
94561_904,
94561_905,147 157
94561_906,49 58
94561_907,
94561_908,62 69
94561_909,
94561_910,
94561_911,
94561_912,223 227;252 267
94561_913,10 12
94561_914,70 81
94561_915,
94561_916,
94754_900,
94754_901,4 8
94754_902,34 40
94754_903,
94754_904,49 67
94754_905,
94754_906,
94754_907,
94754_908,114 121
94754_909,
94754_910,
94754_911,
94754_912,136 158
94754_913,
94754_914,
94754_915,
94754_916,
